1kbeat: https://www.instagram.com/1kbeat
aeonussg: https://www.instagram.com/aeonussg
albert.araujo1: https://www.instagram.com/albert.araujo1
aleaburachid: https://www.instagram.com/aleaburachid
alessand5o: https://www.instagram.com/alessand5o
aliceferreirasouzza: https://www.instagram.com/aliceferreirasouzza
analuizaconstantino_: https://www.instagram.com/analuizaconstantino_
annacasr: https://www.instagram.com/annacasr
annar.ispo: https://www.instagram.com/annar.ispo
antoniosbarbearia: https://www.instagram.com/antoniosbarbearia
arranhaceuph: https://www.instagram.com/arranhaceuph
artestiakeyla: https://www.instagram.com/artestiakeyla
bandaisoldina: https://www.instagram.com/bandaisoldina
bbm.bhsavassi: https://www.instagram.com/bbm.bhsavassi
beteixeirac: https://www.instagram.com/beteixeirac
bethronicke: https://www.instagram.com/bethronicke
casllu_: https://www.instagram.com/casllu_
ccamarao: https://www.instagram.com/ccamarao
cenotico_: https://www.instagram.com/cenotico_
chorus_musica_psicologia: https://www.instagram.com/chorus_musica_psicologia
comercialbarreirobh: https://www.instagram.com/comercialbarreirobh
consultorialivonguejr: https://www.instagram.com/consultorialivonguejr
coralstjude: https://www.instagram.com/coralstjude
cristianfami_: https://www.instagram.com/cristianfami_
curryup_bistroindiano: https://www.instagram.com/curryup_bistroindiano
daiane.rb_56: https://www.instagram.com/daiane.rb_56
day.cosplay: https://www.instagram.com/day.cosplay
day.esteticista: https://www.instagram.com/day.esteticista
djmazz_: https://www.instagram.com/djmazz_
doce_geladin: https://www.instagram.com/doce_geladin
doceamor_pipoqueria: https://www.instagram.com/doceamor_pipoqueria
domoscupcake: https://www.instagram.com/domoscupcake
donuts_da_ju_: https://www.instagram.com/donuts_da_ju_
dose.de.amor: https://www.instagram.com/dose.de.amor
durvalsounds: https://www.instagram.com/durvalsounds
eliane5829: https://www.instagram.com/eliane5829
ellen3621: https://www.instagram.com/ellen3621
enfermeiro.camargos: https://www.instagram.com/enfermeiro.camargos
esdraslivonguejr: https://www.instagram.com/esdraslivonguejr
essence_cosmeticos: https://www.instagram.com/essence_cosmeticos
eujao.g: https://www.instagram.com/eujao.g
evilbalde: https://www.instagram.com/evilbalde
fabio_cruz95: https://www.instagram.com/fabio_cruz95
faelcockell: https://www.instagram.com/faelcockell
fatimaguadalupezaragoza: https://www.instagram.com/fatimaguadalupezaragoza
feemdeus1800: https://www.instagram.com/feemdeus1800
felippefernandes: https://www.instagram.com/felippefernandes
festariot: https://www.instagram.com/festariot
festivaldojapaominas: https://www.instagram.com/festivaldojapaominas
flopounoauge: https://www.instagram.com/flopounoauge
foodscusine: https://www.instagram.com/foodscusine
fpablotorres: https://www.instagram.com/fpablotorres
gabandsil25: https://www.instagram.com/gabandsil25
gabriel.andresm: https://www.instagram.com/gabriel.andresm
gabrielalcantarag: https://www.instagram.com/gabrielalcantarag
geladinho_oliveira: https://www.instagram.com/geladinho_oliveira
glauber78_personal: https://www.instagram.com/glauber78_personal
greendaycovermg: https://www.instagram.com/greendaycovermg
gseppe14: https://www.instagram.com/gseppe14
gustavo.tobias: https://www.instagram.com/gustavo.tobias
gustavo_andrada: https://www.instagram.com/gustavo_andrada
haru_assis: https://www.instagram.com/haru_assis
heey_renatiinhapereira: https://www.instagram.com/heey_renatiinhapereira
heverton12345: https://www.instagram.com/heverton12345
hugofm2: https://www.instagram.com/hugofm2
iaiah_cello: https://www.instagram.com/iaiah_cello
igorreaal: https://www.instagram.com/igorreaal
jardim.michael: https://www.instagram.com/jardim.michael
joaopinh_: https://www.instagram.com/joaopinh_
joaorkauf: https://www.instagram.com/joaorkauf
jordania_nunesc: https://www.instagram.com/jordania_nunesc
josineijuuuuu: https://www.instagram.com/josineijuuuuu
jottajuniorr_: https://www.instagram.com/jottajuniorr_
kakatsu_nu: https://www.instagram.com/kakatsu_nu
kamilalopes987: https://www.instagram.com/kamilalopes987
lage.ludi: https://www.instagram.com/lage.ludi
larissamoreira734: https://www.instagram.com/larissamoreira734
lavateriafastminasbrasil: https://www.instagram.com/lavateriafastminasbrasil
leevesushii_: https://www.instagram.com/leevesushii_
leila_ossi: https://www.instagram.com/leila_ossi
leofm7l: https://www.instagram.com/leofm7l
letsdogueria: https://www.instagram.com/letsdogueria
linguadegatoconfeitaria: https://www.instagram.com/linguadegatoconfeitaria
livredeassedio: https://www.instagram.com/livredeassedio
luansouzareal: https://www.instagram.com/luansouzareal
lucas.rbraga10: https://www.instagram.com/lucas.rbraga10
lucasamaral.edf: https://www.instagram.com/lucasamaral.edf
lunahpetoficial: https://www.instagram.com/lunahpetoficial
marceloarantesdorn: https://www.instagram.com/marceloarantesdorn
margaretr.daniel: https://www.instagram.com/margaretr.daniel
maria_de_fatima_2424: https://www.instagram.com/maria_de_fatima_2424
mariaclaudia_b: https://www.instagram.com/mariaclaudia_b
matheus_camini: https://www.instagram.com/matheus_camini
minaschefoficial: https://www.instagram.com/minaschefoficial
mnadriano784: https://www.instagram.com/mnadriano784
myshowroom___167: https://www.instagram.com/myshowroom___167
n4ut.photography: https://www.instagram.com/n4ut.photography
nananavoz: https://www.instagram.com/nananavoz
nananzao0: https://www.instagram.com/nananzao0
narobh: https://www.instagram.com/narobh
nathycasttro06: https://www.instagram.com/nathycasttro06
onlyneedtobreath: https://www.instagram.com/onlyneedtobreath
oueesuushiiiii: https://www.instagram.com/oueesuushiiiii
ozapets: https://www.instagram.com/ozapets
pacatobhsorteios: https://www.instagram.com/pacatobhsorteios
panelamineira.al: https://www.instagram.com/panelamineira.al
paulo.officiall_: https://www.instagram.com/paulo.officiall_
pedroaboschi: https://www.instagram.com/pedroaboschi
pedrol_personal: https://www.instagram.com/pedrol_personal
pedroohenriique_: https://www.instagram.com/pedroohenriique_
perdidoporaifrases: https://www.instagram.com/perdidoporaifrases
philipeteixeirasilva: https://www.instagram.com/philipeteixeirasilva
pizzagiaco: https://www.instagram.com/pizzagiaco
pleasedont_cry: https://www.instagram.com/pleasedont_cry
prince_bencher: https://www.instagram.com/prince_bencher
prof_gabineves: https://www.instagram.com/prof_gabineves
qdmmusicshop: https://www.instagram.com/qdmmusicshop
rafaelaaraujo1121: https://www.instagram.com/rafaelaaraujo1121
raniellmaia: https://www.instagram.com/raniellmaia
rayanemarcelos: https://www.instagram.com/rayanemarcelos
redwoodcasualdining: https://www.instagram.com/redwoodcasualdining
ricardoeustaguio96: https://www.instagram.com/ricardoeustaguio96
rmbsjr: https://www.instagram.com/rmbsjr
rockduobh: https://www.instagram.com/rockduobh
rodrigal11: https://www.instagram.com/rodrigal11
rondonciclo: https://www.instagram.com/rondonciclo
sailorbrecho: https://www.instagram.com/sailorbrecho
sergio_draws: https://www.instagram.com/sergio_draws
severidade: https://www.instagram.com/severidade
silviorezendejr: https://www.instagram.com/silviorezendejr
sousanegomez2019: https://www.instagram.com/sousanegomez2019
st_burger: https://www.instagram.com/st_burger
tarot.da.iris: https://www.instagram.com/tarot.da.iris
terabyte_ml: https://www.instagram.com/terabyte_ml
thesameoldfe4rs: https://www.instagram.com/thesameoldfe4rs
thiago.wallace.12: https://www.instagram.com/thiago.wallace.12
thiago_zso: https://www.instagram.com/thiago_zso
tipatia: https://www.instagram.com/tipatia
tipatialoja: https://www.instagram.com/tipatialoja
toledo018: https://www.instagram.com/toledo018
toqtoq.calcados: https://www.instagram.com/toqtoq.calcados
toqtoq_calcados: https://www.instagram.com/toqtoq_calcados
tratar_odontofamily: https://www.instagram.com/tratar_odontofamily
trick_bike: https://www.instagram.com/trick_bike
tropeirodalurdinha: https://www.instagram.com/tropeirodalurdinha
umbrasilbhz: https://www.instagram.com/umbrasilbhz
valentinaallstars: https://www.instagram.com/valentinaallstars
veggiezando: https://www.instagram.com/veggiezando
viktor.md: https://www.instagram.com/viktor.md
vitor_aabreu2: https://www.instagram.com/vitor_aabreu2
wellingtonribeirotenoriogmail: https://www.instagram.com/wellingtonribeirotenoriogmail
welsonmassuia: https://www.instagram.com/welsonmassuia
wffran___kloppenburg: https://www.instagram.com/wffran___kloppenburg
your_up: https://www.instagram.com/your_up
yvesmartins18: https://www.instagram.com/yvesmartins18